20% cream,g
33-35% cream,g
4 cereal cereals,g
5 grain flakes,g
5 spice seasoning (five spice),h. l.
7 grain bread,loaf
7 grain flakes,std. l.
8 grain bread mix ,g
9% cottage cheese,g
Adyghe cheese,g
Aladushkin flour,g
Alchermes liqueur,g
Amaretti cookies,g
Amaretto liqueur,g
Anniversary milk cookies,g
Antonovka apples,kg
Armenian lavash,g
Austria blue cheese,g
BBQ sauce,g
Baileys liqueur ,g
Borodinsky bread,piece
Brazil nuts,g
Burrata,g
Chinese salad,g
Cointreau liqueur,g
Danish rye bread,g
Dijon mustard with honey,g
Dijon mustard,g
Extra Virgin Olive Oil,g
Greek yogurt,g
Guryev porridge,g
Himalayan salt,g
Imeretian cheese,g
Imeretian saffron,g
Iranian dates,r
Italian parsley ,bunch
Italian salami,g
Italian tomato sauce,g
Jamaican pepper,g
Japanese panko crumb,g
Jerusalem artichoke syrup,glass
Jerusalem artichoke,g
Kahlua coffee liquor,ml
Kenyan beans,a handful
Korean carrot,g
Korovka sweets,g
Krasnodar sauce,g
Kuban rice,g
Mascarpone cheese,g
Nam Pla fish sauce,g
Oreo cookie,g
Panifarin,g
Parma ham,g
Riga black balm,st. l.
Russian cheese,g
Russian mustard,tbsp.
Savoyardi cookies,g
Senegal pepper,to taste
Sichuan pepper,g
Sloboda Mayonnaise Light ,g
Sloboda Mayonnaise Provencal,g
Sloboda Mayonnaise With Lemon Juice,g
Sloboda Olive mayonnaise,g
Sloboda Sour Cream mayonnaise,g
Sloboda mayonnaise Lean,g
Sloboda mayonnaise On quail eggs,g
Spanish hot pepper,pcs.
St. John's wort,to taste
Svan salt,g
Swiss cheese,g
Thai basil,handful
Thai fish sauce,g
Truffle sweets,g
Tuscan ketchup,tbsp.
Yesterday's buns,piece
acacia honey,g
adjika green,g
adjika,g
agar-agar,g
agave syrup,g
agram,g
airan,g
albukhara,pcs.
alcohol,g
alcohol,glass
algae,g
allspice peas,g
allspice,pinch
almechi,g
almond butter,g
almond cookies,g
almond essence,g
almond extract,drop
almond flour,g
almond liqueur,g
almond mass,g
almond milk,g
almond paste,g
almond petals,g
almond praline,g
almond syrup,g
almond,g
amaranth flour,g
anchovies,g
anchovy stuffed olives,g
anise liqueur,ml
anise seeds,r
anise vodka,h. l.
anise,to taste
apple chips,glass
apple cider vinegar,g
apple essence,tsp.
apple jam,g
apple juice,g
apple puree,g
apple sauce,tbsp.
apple syrup,tbsp.
apples ,g
apricot jam,g
apricot jam,g
apricot juice,glass
apricot puree,g
apricot,g
apricots,g
arabic flatbread,pieces
arborio rice,g
argan oil,g
arishta,g
artichokes in oil,g
artichokes,g
arugula,g
ashi,g
asparagus,kg
aspirin,pcs.
assorted yag one,g
avocado oil,g
avocado,to taste
baby food cereal,g
baby food,g
bacon,pcs.
bacon,to taste
badan,asterisk
bagels,g
baguette,g
baked milk,g
baked mozzarella,g
baked potato,g
baking flour,g
baking powder ,h. l.
baking powder,g
baking powder,g
balm,g
balsamic cream,glass
balsamic sauce,std. l.
balsamic vinegar,glass
balyk,g
banana chips ,handful
banana green syrup,mL
banana liqueur,mL
banana puree,g
bananas,g
barbecue ketchup,g
barberry,g
barley flakes,g
barley groats,g
barley,g
barley,g
basil tomato sauce,g
basmati rice,g
basturma,g
bavette pasta,g
bay leaf,g
bean sprouts,g
beans young frozen,g
beans,g
beans,g
beef brisket,kg
beef casing,g
beef heart ,to taste
beef light,g
beef liver,pcs.
beef marrow bone,pcs.
beef neck,kg
beef on the bone,g
beef pulp,kg
beef ribeye steaks,g
beef ribs,g
beef shanks,g
beef shoulder,g
beef steaks,g
beef tenderloin,pieces
beef tongue,r
beef,g
beer,g
beet greens,g
beet leaves,g
beet,g
beetroot,g
bell pepper,g
berries,g
berry jam,tbsp.
berry jelly ,g
berry juice,g
berry sauce sour,g
berry syrup,g
bird cherrw wlour,g
birnel,ml
biscuit cake,g
biscuit cookies,g
biscuit cookies,pcs.
biscuit crumb,g
biscuit mixture ready,package
biscuit roll,g
biscuit,g
biscuits,g
bitter chocolate witw wrange peel,g
black bean sauce,std. l.
black bitter chocolate 70%,g
black bitter chocolate 75%,h. l.
black bittew whocolate 85%,g
black caviar,g
black coffee,g
black dark chocolate,g
black food color,g
black glaze,to taste
black grapes,g
black molasses (molasses),g
black olives,to taste
black pepper,std. l.
black peppercorns,to taste
black radish,pcs.
black raisins,g
black sesame,h. l.
black tea with spices,package
black tea,g
black truffle,pcs.
blackberry,g
blackcurrant jam,g
blackcurrant jam,g
blackcurrant,g
blood sausage,g
blood,ml
blue cheese,g
blue cheese,g
blue grapes,g
blueberries,g
blueberry jam,glass
blueberry,g
boiled beetroot,g
boiled carrot,g
boiled chestnuts,g
boiled chicken ,g
boiled chicken breasts,g
boiled condensed milk,st . l.
boiled egg yolks,pcs.
boiled ham,g
boiled pork,g
boiled potatoes ,g
boiled potatoes in their skins,g
boiled sausage,g
boiled smoked pork knuckle,g
boiled smoked pork shoulder,g
boiled squid,g
boiled trout,g
boiled veal,g
boiled-smoked ham,g
boiled-smoked ham,piece
boiled-smoked sausage,g
boiling water,g
bone-in lamb chops,pcs.
bone-in lamb ham,piece
boneless lamb leg,g
bones brain,g
bones,g
botarga,g
bouillon cubes,g
bouquet garni,bundle
bourbon,g
bow pasta,g
bran,g
brandy,g
bread dry white,g
bread kvass,g
bread white,g
bread,g
breadcrumb,g
breadcrumbs,g
bresaola,g
brie cheese,g
bright eye,g
brine peeled shrimp,g
brine,g
brioche buns,pcs.
brisket,g
broth,g
brown and wild rice mix ,g
brown rice,g
brown sugar,g
brown tomatoes,g
brussels sprouts,g
brynza,to taste
bucatini pasta,g
buckwheat flakes,g
buckwheat flour,g
buckwheat green,std. l.
buckwheat honey,g
buckwheat milk,glass
buckwheat soba noodles,g
buckwheat,g
buds,g
buko cheese,g
bulgur,g
bun,g
bun,piece
buns,g
butter,g
butter,g
butterfly pasta (farfalle) ) mini,g
butterfly pasta (farfalle),g
buttermilk,g
cabbage pickle,g
cabbage,g
cacao,handful
cajun spice mix,tbsp.
cake mix,pcs.
calcium chloride,g
calvados,g
camembert,packaging
campari,ml
candied citrus fruits,a handful
candied citrus fruits,pcs.
candied confectionery cherry,pcs.
candied fruit,g
candied ginger,g
candied ginger,std. l.
candied lemon peels,g
candied lemon peels,g
candied orange,g
candied tangerines,g
candied violets,pcs.
candy M&M's,g
candy,to taste
cane sugar,g
canned apricots,g
canned beans,g
canned chestnuts,g
canned chickpeas,g
canned corn,g
canned cucumbers,pieces
canned fish,can
canned fish,g
canned fruit,g
canned green beans ,g
canned green olives,jar
canned green peas,g
canned mango,g
canned octopus,g
canned olives,g
canned papaya,g
canned peach syrup,tbsp
canned peaches,g
canned pear syrup,g
canned pineapples ,to taste
canned pitted cherries,tbsp.
canned red beans,g
canned saury,can
canned squid,g
canned straw mushrooms,pcs.
canned tomatoes in their own juice,g
canned tomatoes in their own oku with basil,g
canned tomatoes,g
canned tuna,g
canned white beans,g
cannelloni,g
capelin caviar,g
capelin,g
capellini,g
caper pickle,std. l.
capers in wine vinegar,g
capers,g
cappuccino,g
carambola,g
caramel pudding,g
caramel sauce,g
caramel,ml
carbonade,g
cardamom ,g
cardamom grain,h. l.
cardamom pods,pcs.
carnaroli rice,g
carnation,g
carob,g
carp fillet,kg
carp,g
carrot puree,g
carrot,g
cashew,g
catfish fillet,g
catfish,g
cauliflower,g
caviar,g
cayenne pepper ground,pinch
cayenne pepper,g
cedar flour,g
celery greens,g
celery root,g
celery salt,g
celery seeds,h. l.
celery stalks,g
celery,g
cereal buns,piece
cereal flakes,g
champagne,g
champignons canned,g
champignons,to taste
chanterelles,g
chard,g
chechiw wpaghetti,g
cheddar,g
cheese goya,g
cheese slices,g
cheese tete de moine,g
cheese,g
cherries pureed with sugar,g
cherries,g
cherrw wam,g
cherry flavor,drop
cherry food color,pinch
cherry jam,g
cherry jam,g
cherry juice,g
cherry leaves,g
cherry liqueur,to taste
cherry plum ,g
cherry syrup,glass
cherry tincture,ml
cherry tomatoes,g
cherry,g
cherry,r
chestnut cream,g
chestnut flour,g
chestnuts,g
chia seeds,g
chicken bones,g
chicken breasts,g
chicken carcass,g
chicken carpaccio,g
chicken chicken legs,g
chicken drumsticks,g
chicken eggs,g
chicken fillet,g
chicken giblets,g
chicken ham,g
chicken hearts,g
chicken liver,g
chicken pate,g
chicken seasoning,g
chicken skin,g
chicken soup set,kg
chicken stock,g
chicken thighs,g
chicken ventricles,pcs.
chicken wings,g
chicken,g
chickens,r
chickpea flour,g
chickpeas,g
chicory,h. l.
chili flakes,to taste
chili pepper,g
chili sauce,g
chips,g
chives,stem
chives,to taste
chocolate bars,g
chocolate biscuit,g
chocolate breakfast cereaw walls,handful
chocolate butter,g
chocolate chips,g
chocolate cookies,g
chocolate covered coffee beans,g
chocolate drops,g
chocolate flakes,g
chocolate fondant,g
chocolate hazelnut spread,g
chocolate ice cream,ml
chocolate liqueur,g
chocolate paste,g
chocolate peas,g
chocolate sauce,g
chocolate syrup,g
chocolate transfer sheet,pcs.
chocolate wafers,g
chocolate with nuts,g
chocolate,g
chocolates,g
chokeberry,g
chopped almonds,g
chopped greens,g
chopped parsley,g
chopped pistachios,g
chopped walnuts,g
choppew wamb shank,g
chorizo,g
ciabatta,piece
cider vinegar,std. l.
cider,g
cinnamon refined sugar,g
cinnamon,Art. l.
cinnamon,g
citric acid,G
citrus mustard,g
clarified butter,g
clarified grape juice,tsp.
clementines,g
cloudberry,g
coarse brown sugar,g
coarse flour,g
coarse salt,g
coca-cola,st. l.
cocktail cherry,g
cocoa beans,g
cocoa butter,g
cocoa powder,to taste
coconut cream,g
coconut extract,g
coconut flour,std. l.
coconut liqueur,std. l.
coconut milk,g
coconut oil,ml
coconut water,glass
coconut,g
coconuts,g
cod fillet,g
cod liver ,g
cod,g
coffee beans,glass
coffee drink,ml
coffee extract,ml
coffee liqueur,g
coffee syrup,g
cognac,g
coho,g
coil pasta (fusilli),g
cola,g
cold smoked mackerel,g
cold smoked salmon,g
cold smoked sturgeon,g
cold smoked trout,g
coloured coconut,g
compote,g
concentrated milk,g
condensed cocoa,can
condensed milk with cocoa,g
condensed milk,g
confectionery beads,tsp .
confectionery cream,g
confectionery silver beads,to taste
confectionery topping,to taste
confiture,packaging
confiture,to taste
cooked asparagus,g
cooked red beans,glass
cooked rice,g
cooked smoked bacon,g
cooked-smoked brisket,g
cooked-smoked serveralat,g
cookie,to taste
coriander greens,g
coriander seeds,g
coriander,g
corn (golden) syrup,g
corn chips,g
corn flakes,g
corn grits,g
corn lettuce,bundle
corn oil,g
corn starch,to taste
corn sticks,g
corn tortillas,pieces
corn,g
cornmeal,g
cottage cheese 18% ,g
cottage cheese,g
cottage cheese,g
couscous,g
crab meat,G
crab sticks,to taste
crabs,g
cracker,g
crackers,to taste
cranberry jam,g
cranberry jam,g
cranberry mors,st. l.
cranberry pureed with sugar,g
cranberry sauce,g
cranberry syrup,g
cranberry,g
crayfish necks in brine,g
crayfish necks,g
crayfish,pcs.
cream 10-20%,g
cream 15%,g
cream cheese,g
cream fresh,g
cream liqueur,g
cream liquor,g
cream margarine,g
cream thickener,g
cream,package
creole seasoning,tbsp.
croissants,to taste
croutons,g
crucian,g
crumbly cookies,g
cucumber pickle,glass
cucumbers salted,pcs.
cucumbers,g
cumin,g
cumin,g
curd 2%,g
curd 5%,g
curd cheese,g
curd cheeses,g
curd mass,g
curd paste,g
curdled milk,g
curly lettuce,g
currant leaves,g
curry leaves,g
curry paste,package
curry,g
custard powder,g
custard,g
cuttlefish ink,g
cuttlefish peeled,g
cuttlefish,g
daikon,g
dandelions,g
darjeeling tea,bag
dark beer,can
dark malt,g
dark rum,g
dates,g
deep frying oil,g
demerara sugar,g
dessert wine,g
devzira rice,g
dill seed,h. l.
dill,g
ditaloni pasta,g
dogwood,g
dolma,g
dorblue cheese,g
dough for wontons,g
dough ready,g
dough without yeast,g
dragee,g
dragon fruit,pcs.
dried apples,g
dried apricots,to taste
dried barberry,tbsp.
dried basil,g
dried berries,to taste
dried celery root,to taste
dried chamomile,g
dried chanterelles,g
dried cherries,r
dried cilantro,g
dried cranberry,g
dried currant,g
dried dill,g
dried figs,g
dried fish caviar,g
dried fruits,g
dried garlic,g
dried lavender,pinch
dried lingonberries,g
dried marjoram,g
dried mint,g
dried mushroom seasoning,tsp.
dried onion,g
dried oregano,g
dried parsley,g
dried peaches,handful
dried pears,g
dried pineapples,g
dried prunes,g
dried raspberries,g
dried rosebuds,g
dried rosemary,to taste
dried sage,leaf
dried shrimp,g
dried strawberries,g
dried tarragon,twig
dried thyme th,g
dried thyme,g
dried tomatoes in oil,g
dried tomatoes,to taste
dried tropical fruits,to taste
dry breakfast,g
dry champagne,std. l.
dry chili,std. l.
dry cookies,g
dry herbs,g
dry kissel,g
dry kvass concentrate,packaging
dry morels,g
dry mushrooms,g
dry mustard,g
dry pad breakfast,g
dry red wine,g
dry shiitake mushrooms,g
dry sparkling wine,g
dry vermouth,g
dry white mushrooms,g
dry white wine,g
dry yeast,to taste
dry,g
duck breast,g
duck carcass,carcass
duck fillet,g
duck legs,to taste
duck liver,g
duck thighs,g
duck,to taste
dumpling dough,g
dumplings,g
dutch cheese,g
ear pasta (orecchiett e),g
earl gray tea,glass
early tkemali sauce,st. l.
edam,g
eel,g
egg melange,g
egg noodles in nests,pcs.
egg powder,std. l.
egg vermicelli,g
egg whites,g
egg yolks,g
egg-nog,glass
eggplant,to taste
el,ml
elder syrup,std. l.
emmental,g
escalope,g
espresso coffee,glass
eternal sourdough,g
exotic sauce,g
fat cottage cheese,g
fat culinary,g
fat rendered,glass
fat sour cream,g
fat tail fat,g
fat yogurt,g
fat,g
fat-free cottage cheese,g
feijoa,g
fennel seeds,g
fennel,g
fenugreek seeds,g
fenugreek,g
fermented milk drink Tan,ml
fern,g
ferns to salty,packaging
festonate,g
feta,g
feta,g
fetax,g
fettuccine,g
figs,g
filled caramel,g
fillet char,pcs.
fillet sole,g
fillet tuna,g
fish bones,g
fish fillet,g
fish sauce,g
fish stock,g
fish trimmings heads fins,to taste
fish,g
flaked dried tomatoes,g
flaked sweet paprika,h. l.
flavor pineapple,to taste
flavor rum,g
flavor,g
flax meal,g
flax seeds,g
flaxseed,g
flounder fillet,g
flounder,g
flour ,g
flour 1st grade,g
flour 2nd grade,g
flour for tempura,g
flour with bran,h. l.
flying fish roe,g
focaccia,to taste
fontina cheese,g
food color,g
food coloring gel,pcs.
forest mushrooms,g
fortified wine,g
french mustard,g
fresh basil,g
fresh bay leaves,pcs.
fresh broccoli,g
fresh cilantro,clove
fresh citrus juice,ml
fresh cranberries,g
fresh cucumbers,g
fresh dill,g
fresh figs,g
fresh fillet salmon,g
fresh lake trout ,pcs.
fresh mackerel,g
fresh mushrooms,g
fresh mushrooms,g
fresh oregano,g
fresh peas,g
fresh pork sausage (salsiccia),pcs.
fresh sage,bunch
fresh salmon,g
fresh salmon,g
fresh sorrel,twig
fresh spinach,g
fresh sprat,g
fresh thyme,to taste
fresh yeast ,g
freshly brewed coffee,g
freshly ground black pepper,g
freshly ground pepper mix,g
freshly salted salmon,g
freshly squeezed orange juice ,g
frisse salad,r
frozen berries,g
frozen blackberry,g
frozen blueberries,g
frozen blueberries,g
frozen broccoli ,g
frozen brussels sprouts,g
frozen cauliflower,g
frozen cherries,g
frozen corn,g
frozen cranberries,g
frozen cranberry,g
frozen green beans,g
frozen green peas,g
frozen mushrooms (honey mushrooms and boletus),g
frozen mushrooms,g
frozen mushrooms,g
frozen mushrooms,g
frozen mussels,pcs.
frozen plums,g
frozen porcini mushrooms,r
frozen potato hash,g
frozen raspberries,g
frozen sea buckthorn,g
frozen sea cabbage,g
frozen sea cocktail,g
frozen shrimp,g
frozen sorrel,g
frozen squid,g
frozen strawberries,g
frozen strawberries,g
frozen vegetable mix,g
frozen wild berries,g
frozen zucchini,g
frozew wpinach,g
fructose,g
fruit juice without sugar,glass
fruit juice,g
fruit platter,g
fruit syrup,g
fruit,g
full cream,g
funchose,g
gala apples,g
galangal root ,wedge
ganache,g
garam masala,g
garlic oil,to taste
garlic powder,g
garlic wine vinegar,h. l.
garlic,g
garliw walt,pinch
garnish,g
gazpacho,g
gelatin mastic,g
gelatin sheet,to taste
gelatin,g
gelling agent,packaging
gelling sugar,g
geranium leaves,g
gherkin chickens,pcs.
gherkins,g
gigli pasta,g
gin,g
ginger beer,ml
ginger biscuits,to taste
ginger jam,g
ginger root ,g
ginger,g
gingerbread dough,g
gingerbread spices,g
gingerbread,g
ginseng,g
gland,g
glass noodle,g
glaze,g
glazed corn flakes,g
glucose syrup,g
glucose,g
gluten,g
goat liver,g
goat yogurt,g
goat's milk,g
goji,g
golden apples,g
golden kandurin,h. l.
golden long grain rice,g
golden rice,r
goose carcass,kg
goose fat,tbsp.
goose liver,g
goose,g
gooseberries,g
gooseberry jam,jar
gorgonzola picante,g
gorgonzola,g
gouda cheese,g
grain mustard,g
grained cottage cheese,g
grana padano,tbsp.
granite,g
granny smith apples,kg
granola with nuts,g
granular pink salmon caviar,g
granulated sugar,g
granulated sugar,g
granulated sugar,g
grape jelly,tbsp.
grape juice,g
grape leaves,g
grape marshmallow,g
grape seed oil,g
grape snails,pcs.
grapefruit juice ,g
grapefruit zest,g
grapefruits,g
grapes seedless,g
grapes,g
grappa,h. l.
gratin,kg
graviera cheese,g
green apples,r
green asparagus,g
green beans,g
green beans,g
green bell pepper,g
green chili pepper,pod
green coffee,g
green food coloring,std. l.
green hot pepper,pcs.
green olives,to taste
green onion,g
green peas,g
green radish,pcs.
green tea,bag
green tomatoes,kg
greens,g
grenades,g
grenadine,g
grey bread,g
grill,g
grissini,r
ground allspice,g
ground almonds,g
ground barberry,g
ground beef,to taste
ground black pepper,g
ground cardamom,r
ground chili,g
ground chipotle,pinch
ground cinnamon,g
ground cloves,to taste
ground coffee,tbsp.
ground coriander,g
ground crackers,g
ground cumin,g
ground fennel seeds,g
ground flaxseed,g
ground ginger,g
ground hot pepper,pinch
ground nutmeg,g
ground poppy,g
ground quinoa,g
ground red hot pepper,to taste
ground red paprika,g
ground red pepper,g
ground saffron,h. l.
ground white pepper,g
grouse,g
gruyere,g
guanciale,g
guava,pcs.
guinea fowl carcass,g
guts,g
gutted sea bream with head,pcs.
haddock,pieces
hake fillet,g
hake,g
halibut caviar,g
halibut fillet,pcs.
halibut,g
haloumi,g
halvah,g
ham,g
ham,g
ham,g
hamburger buns,piece
hamburger,g
hamon,g
hard cheese,g
hard goat cheese,g
hare,g
havarti cheese,g
hazelnut flour,g
hazelnut,g
hazelnuts,g
head lettuce,r
hemp oil,st. l.
hemp seeds,g
herbs are fragrant s,g
herbs de provence,g
hercules,g
herring fillet,g
herring,g
herring,g
hibiscus,g
homemade cheese,g
homemade mayonnaise,g
homemade sausages,pcs.
homemade yeast,g
honey mushrooms ,to taste
honey,g
honeysuckle,g
hops,st. l.
hops-suneli,g
horseradish with cream,g
horseradish,g
hot pepper,g
hot smoked salmon,g
hot smoked smelt,g
hot smoked trout,g
hunting sausages,g
ice cream strawberry,g
ice cream sundae,g
ice cream,to taste
ice,g
iceberg lettuce,g
icing,g
indica rice,g
indo,pcs.
instant cereal,glass
instant coffee,g
instant oats,g
instant polenta,glass
irga,g
isabella grapes,kg
italianherbs ,g
italica rice,g
jalapeno pepper,g
jam,g
jam,g
jam,g
jasmine rice,r
jasmine tea,std. l.
jelly for cake,package
jelly,g
jelly,g
jugas cheese,g
juice,g
juniper berry,g
jusai,g
kaffir-lime leaves,to taste
kalamata olives,g
kale,g
kalindzhi seeds,h. l.
kataifi dough,g
katyk,g
kefalotiri cheese,g
kefir 1%,g
kefir 2.5%,g
kefir 3.2%,g
kefir,to taste
keta,g
kikos fried corn,g
kimchi,g
king shrimp,g
kirsch,std. l.
kiwano,g
kiwi jelly,g
kiwi,kg
kizh uch hot smoked fillet,g
knuckle,to taste
kohlrabi,g
krill meat,g
kumquats,handful
kupaty,pcs.
kvass wort,g
kvass,g
lady fish carcass,piece
ladyfingers cookies,g
lagman noodles,packaging
lamb entrecote,kg
lamb giblets,kg
lamb loin,g
lamb ribs,pcs.
lamb rump,g
lamb shanks,pcs.
lamb shoulder,kg
lamb,g
lamprey,g
langoustines,pcs.
lard with meat interlayers,g
lard,g
lard,r
large black mussels in shells,g
large carrot,r
large chicken eggs,g
large egg yolks,g
large shell pasta,g
large-leaf black tea,h. l.
lasagna pasta dough,g
lavash persian round,g
lavash,to taste
lavender dye,hour l.
lavender honey,g
lavender,g
leaf lettuce,g
lean pork,g
lecho,g
leek,a handful
leg of lamb,g
lemon basil,g
lemon extract,g
lemon ice cream,to taste
lemon juice,g
lemon pepper,r
lemon thyme,twig
lemon vinegar,g
lemon zest,g
lemonade,g
lemongrass (lemongrass),g
lemongrass berry,g
lemongrass stem,g
lemons,g
lentil green,g
lentil red,g
lentils boiled,std. l.
lentils,g
lettuce,g
licorice chewy candies,g
light beer,g
light mayonnaise,g
light,g
lightly salted salmon,g
lime juice,g
lime leaves,pcs.
lime zest,g
lime,g
limoncello,g
lingonberry jam,g
lingonberry sauce,g
linguine,pcs.
linseed oil,h. l.
liquid honey,g
liquid malt,g
liquid smoke,g
liquor,g
liver,g
liver,g
loaf,g
lobster,g
long grain rice,g
longan,g
longkong,pcs.
lovage,g
low fat kefir,g
low fat sour cream,g
low fat yogurt,g
low fat yogurt,g
low-fat cocoa powder,g
lychee compote,g
lychee,pcs.
maasdam,g
maccheroncini,g
mackerel fillet,g
mackerel,to taste
madera,g
mafaldine,g
malt extract,g
malt,tsp.
mango chutney,g
mango syrup,ml
mango,to taste
mangosteen,pcs.
manitoba flour,g
maple syrup,g
maraschino cherries,pcs.
marble cheese,g
margarine,g
marinated porcini mushrooms,g
marjoram fresh,to taste
marjoram,g
marmalade sandwich,g
marmalade,to taste
marsala,glass
marshmallow cream,g
marshmallow mini,g
marshmallow,g
marshmallow,g
marshmallow,g
martini red,g
martini,g
marzipan green,g
marzipan,to taste
mascarpone,g
mash,g
mashed passata tomatoes,g
mashed potatoes,to taste
mashed potatoes,to taste
mastic,g
matcha,g
matsoni,g
matzo,g
mayonnaise,g
meal,g
measurement_unit,g
meat broth,g
meat on the bone,kg
meat platter,g
meat seasoning,g
meat,g
meatballs,g
melissa,g
melon,g
meringue,g
meringues,pcs.
microgreens,handful
milk 0.5%,g
milk 1.5%,g
milk 2.5%,g
milk 3 .6%,g
milk 3.2%,g
milk 4%,g
milk 6%,g
milk chocolate,g
milk formula,g
milk products,g
milk,g
millet flakes,std. l.
millet,g
minced chicken sausages,pieces
minced chicken,g
minced fish,g
minced lamb,g
minced lamb,g
minced meat (lamb and beef),g
minced meat (pork and chicken),g
minced meat,g
minced pork,g
minced salmon ,g
minced turkey,g
minced veal,g
mineral water without gas,glass
mini baguette,g
mini bananas,g
mini corn,pcs.
mini eggplant,g
mini mozzarella,g
mini octopus,g
mint chocolate,g
mint schnapps,g
mint syrup,g
mint,g
mirin sauce,to taste
mirror carp,kg
miso paste ,g
miso soup,package
mixed vegetables Chinese,g
mixed vegetables,g
molasses,g
monkfish,g
monosodium glutamate,g
moose,kg
mortadella,g
mozzarella ball big,g
mozzarella with herbs,g
mozzarella,g
muesli,g
mulberry dried,g
mulberry,g
mullet,g
multivitamin juice,ml
muscat wine,g
muscovado sugar,handful
mushrooms,g
mussels in shells,g
mussels,g
mustard oil,g
mustard powder,g
mustard seeds,g
mustard,g
mutton liver,g
mutton seasoning,std. l.
mutton,g
nardek,g
narsharab sauce,g
natural yogurt,g
neck,g
nectarines,pcs.
nettle,g
noble tkemali sauce,g
non-hard apples,g
noodles,g
nori,g
nougat with nuts,g
nougat,g
nut butter,pcs
nut butter,st. l.
nut crumb,glass
nut liqueur,ml
nut sauce,std. l.
nutella,g
nutmeg,g
nuts macadamia,g
nuts,g
oak bark,g
oat bran,g
oatmeal cookies,g
oatmeal milk,glass
oatmeal pancakes,pcs.
oatmeal,g
oatmeal,g
oats,g
oats,g
octopus ,g
okra,g
olive mayonnaise,g
olive oil,g
olive paste,g
olive pickle,tbsp.
olives,g
olives,g
onion peel,g
onion powder,g
onion,g
opuntia fruit,g
orange essence,h. l.
orange extract,h. l.
orange food color,g
orange ginger jam,g
orange jam,g
orange jam,g
orange juice,to taste
orange liqueur,g
orange peel,g
orange powdered sugar ,g
orange syrup,glass
orange vinegar,std. l.
orange water,g
oranges large,pcs.
oranges,r
oregano,g
oregano,g
orzo pasta,g
oxtail,g
oyster mushrooms,g
oyster sauce,h. l.
oysters,g
padron pepper,g
paella seasoning,to taste
palm oil,g
palm sugar,g
pancake flour,g
pancake mix,g
pancetta,g
paneer cheese,g
panettone,pcs.
pangasius,g
papaya,g
pappardelle,g
paprika,g
parboiled and wild rice mix,g
parboiled rice,g
parmesan,g
parsley greens,g
parsley root,g
parsley,g
parsnip,g
partridges,g
passion fruit,g
pasta dough,g
pasta horns (pipe rigate),g
pasta seasoning,to taste
pasta,g
pasta,g
pasta,g
paste harisa,st. l.
pate,g
pea soup,g
pea sprouts,handful
peach jam,g
peach juice,g
peach marmalade,std. l.
peach puree,g
peach syrup,ml
peaches,g
peanut butter,g
peanut butter,g
peanut,g
pear juice,g
pear liqueur,ml
pear puree,g
pear syrup ,ml
pear vinegar,tbsp.
pearl couscous,glass
pearl flour,g
pearl sugar,g
pears,to taste
peas,g
peas,g
pecans,g
peche mignon cheese,g
pecorino,g
pectin,g
peeled almonds,g
peeled chestnuts,g
peeled pistachios,g
peeled shrimp,g
peking cabbage,g
pelengas,g
penne rigate,r
penne,g
peperoncino ground,pinch
peperoncino,h. l.
peperoni,g
pepper paste,h. l.
pepper,g
peppercorn mix,r
perch caviar,g
perch fillet ,g
perch fillet,g
perch,g
persimmon,g
pesto sauce,to taste
pheasant,g
philadelphia cheese,g
phyllo dough,g
physalis,to taste
pickled apples,pcs.
pickled artichokes,g
pickled capers,g
pickled chili,to taste
pickled cucumbers,jar
pickled gherkins,g
pickled ginger,g
pickled grape leaves,g
pickled jalapeno pepper,pcs.
pickled mushrooms,g
pickled mushrooms,g
pickled mushrooms,g
pickled onion,g
pickled pepper,g
pickles,g
pig ears,pieces
pig's head,g
pig,kg
pigeon,g
pike,g
pikw willet,g
pilaf rice,g
pine nut oil,g
pine nuts,g
pine nuts,g
pineapple juice,g
pineapple syrup,g
pineapples,g
pink grapefruits,g
pink marzipan,g
pink peppercorns,g
pink salmon in own juice,jar
pink salmon,to taste
pinto beans,g
pistachio flour,g
pistachio oil,g
pistachio paste,g
pistachios,g
pitas,to taste
pitted Iranian dates,pieces
pitted dates,glass
pitted olives,g
pitted olives,g
pitted prunes,g
pitted raisins,g
pitted smoked prunes,g
pizza dough,pcs.
pizza mozzarella,g
pizza seasoning,tsp
plum jam,g
plum jam,g
plum liqueur,std. l.
plum paste,g
plum sauce,g
plum wine,g
plums ,kg
polenta,to taste
pollack,g
pollen,g
pollock fillet,g
pollock liver,g
pollock,g
pomegranate juice freshly squeezed,ml
pomegranate juice,g
pomegranate paste,tbsp.
pomegranate sauce,tsp.
pomegranate seeds,g
pomegranate syrup,g
pomelo,g
popcorn,g
poppy mass,pack
poppy,g
porcini mushrooms,r
pork belly,g
pork cheeks,pieces
pork chops on the bone,g
pork chops,g
pork cutlets on the bone,pieces
pork feet,g
pork flank,kg
pork heart,g
pork knuckle,to taste
pork liver,r
pork loin on the bone,g
pork loin,g
pork lungs ,g
pork marinating seasoning,to taste
pork meat,g
pork neck,piece
pork ribs,g
pork tenderloin,g
pork tongue,g
pork undercut,g
pork with fat,g
pork,g
porridge,g
port,g
portobello,g
potato chips,g
potato decoction,g
potato flakes,g
potato gnocchi,g
potato seasoning,r
potato starch,g
potato,g
powdered milk,g
powdered sugar,g
processed cheese,g
processed chocolate cheese,g
prosciutto,g
prosecco,ml
provolone ,g
prune,g
psyllium,g
ptitim,g
pudding rice,g
pudding vanilla,g
pudding,g
puff pastry,g
pumpkin oil,pcs.
pumpkin puree,g
pumpkin seeds,g
pumpkin,g
pure horseradish,g
purple basil,g
purple food color,g
purslane,g
quail eggs,g
quail,carcass
quince puree,g
quince,to taste
quinoa,g
rabbit carcass,g
rabbit fillet,g
rabbit liver,g
rabbit,g
radicchio,pieces
radish,g
radish,g
raisins,g
rambutan,g
ramson,g
rapany,g
rapeseed butter,to taste
raspberries pureed with sugar,glass
raspberries,g
raspberry cream,g
raspberry flavor,drop
raspberry ice cream,g
raspberry jam,g
raspberry jam,g
raspberry jelly,g
raspberry puree,g
raspberry sauce,h. l.
raspberry syrup ,h. l.
raspberry tea,g
raspberry vinegar,ml
raw smoked bacon,g
raw smoked sausage,g
raw smoked sausages,pcs.
raw-smoked ham,g
ready glaze,to taste
ready pancakes,g
red apples,pcs.
red beans,g
red bell pepper,g
red cabbage,g
red caviar,g
red cayenne pepper,g
red chili,pod
red currant jam,r
red currant pureed with sugar,std. l.
red currant,g
red fillet perch,r
red fish caviar small,g
red fish fillet,g
red fish,g
red food color,g
red hot pepper,g
red hot pepper,g
red kidney beans,g
red mullet,g
red onion,to taste
red orange juice,ml
red oranges,pcs.
red paprika,st. l.
red pepper flakes,pinch
red pepper,g
red peppercorns,g
red pepperoni,pcs.
red rice,g
red salted fish,g
red shallot,pcs.
red snapper fillet,pcs.
red tea,g
red wine sauce,g
red wine vinegar,h. l.
red wine,g
refined sugar,g
refined vegetable oil,g
regan,twig
rennet,tsp.
rhubarb,g
rice balls,g
rice flakes,g
rice flour,g
rice japonica,g
rice milk,ml
rice noodles,g
rice paper,g
rice starch,tbsp.
rice vinegar,to taste
rice viola,g
rice wine,h. l.
rice,g
ricotta hard,g
ricotta,g
rigatoni,g
ripe persimmon,g
risoni pasta,g
risotto rice,g
roast beef,g
roast chicken,kg
roasted almond,g
roasted duck,g
roasted peanut,g
roasted pine nuts,g
romaine lettuce ,r
rooibos tea,std. l.
roots ,to taste
roquefort,g
rose hip syrup,g
rose hip,g
rose petals,g
rose water,g
rosemary,pcs.
roses,g
roundgrain rice,g
rudd,pcs.
ruff,g
ruff-nose,pcs.
rum extract,tsp
rum,bottle
rusk crumb,g
rutabaga,g
ryazhenka 4%,g
ryazhenka,g
rye bran,g
rye bread,g
rye buns,piece
rye crackers,g
rye flour,g
rye sourdough,g
rye,g
s sausages,g
saffron thread,pcs.
saffron,g
sage,g
saida fillet,g
sake,std. l.
salad dressing ready,g
salad mix,g
salad onion,pcs.
salad seasoning,to taste
salad shrimp,g
salad,g
salami,g
salmon fillet on skin,g
salmon fillet skin,g
salmon fillet,g
salmon fillet,g
salmon fillet,g
salmon milk,g
salmon roe,g
salmon steak,g
salmon steaks,g
salmon,g
salmon,g
salsa verde,tsp.
salsa,g
salt fish,carcass
salt,g
salted caramel,g
salted herring,pcs.
salted mushrooms,g
salted peanuts,g
salted salmon,g
salted tomatoes,pcs.
salty cracker,g
salty curd cheese,g
sambal oelek sauce,h. l.
sandwich bread,g
sardines in oil,jar
sardines,g
satsebeli sauce,g
sauce red hot,g
sauce,g
sauerkraut,to taste
saury,g
sausage cheese,g
sausage,g
sausages for frying,g
sausages,g
sausages,g
savory,g
savoy cabbage,g
scad,g
scallops,kg
schnapps,g
sea bass,g
sea bass,g
sea bream carcass,pcs.
sea bream with head,pcs.
sea bream,pcs.
sea buckthorn syrup,glass
sea buckthorn,g
sea cabbage dried,g
sea cabbage,by taste
sea cocktail in oil,packaging
sea cocktail,g
sea fish,r
sea salt,g
seafood seasoning,to taste
seafood,pcs.
seasoning for fish,g
seasoning for pilaf,g
seasoning for poultry,tbsp.
seasoning peppers ,g
seasonings,g
seed flour,g
seeds mix,std. l.
seeds,g
self-rising flour,g
semi-dry red wine,g
semi-dry rose wine,g
semi-hard cheese,g
semi-smoked sausage,g
semi-sweet chocolate,g
semi-sweet red wine,g
semi-sweet rose wine,st. l.
semi-sweet white wine,g
semolina,g
semolina,g
serbian cheese,g
serum,g
sesame bread,piece
sesame buns,pieces
sesame flour,g
sesame oil,g
sesame paste,g
sesame seeds,to taste
sesame,g
shallot,g
shark steaks,g
sheep cheese,g
sheep liver,g
shell pasta (conchiglie rigate),g
shell pasta (conchiglie),g
shellfish,g
sherry vinegar,h. l.
sherry,glass
shiitake mushrooms,g
shirataki noodles,g
shortbread cookies,g
shortbread dough,to taste
shortening,glass
shredded carrot,pieces.
shrimp,g
skamorets cheese,g
skimmed milk powder,std. l.
slightly salted herring ,g
slightly salted trout,g
small croutons,g
small green mussels in shells,g
small onion,g
small pasta,g
small sardines,pcs.
smelt,g
smoked brisket,by taste
smoked cheese,g
smoked chicken breasts,g
smoked chicken drumsticks,pcs.
smoked chicken legs,g
smoked chicken,g
smoked eel,g
smoked fish fillet,g
smoked fish,g
smoked goose breast,g
smoked ham,g
smoked lapsang souchong tea,g
smoked lard in pepper,g
smoked lard with meat layers,g
smoked lard,g
smoked meats,g
smoked mussels in oil,g
smoked paprika,std. l.
smoked pork knuckle,g
smoked pork loin,g
smoked salmon,g
smoked salmon,g
smoked sausage,g
smoked sausages,g
smoked sausages,g
smoked scamorza cheese,g
smoked suluguni,g
smoked turkey,g
snails ,g
snot,g
snow crab,to taste
snowball,l
soda,g
soft blue cheese,g
soft cheese ,to taste
soft curd,g
soft goat cheese,g
solin,g
soup set,g
sour cream 10%,g
sour cream 15%,h. l.
sour cream 18%,g
sour cream 20%,g
sour cream 25%,g
sour cream 30%,g
sour cream 35%,g
sour cream non-sour,g
sour cream,g
sourdough,package
soviet champagne,glass
soy flour,g
soy milk,g
soy protein isolate,g
soy sauce,g
soy sprouts,g
soy,g
soybean oil ,g
spaghetti #3,g
spaghetti #5,g
spaghetti lungi,g
spaghetti,g
sparkling mineral water,g
spec,g
spelled unripe,g
spelt flour,g
spelt,g
spelt,glass
spices,g
spices,g
spicy herbs with pepper,h. l.
spicy ketchup,to taste
spicy mustard,g
spicy sauce,g
spicy smoked paprika,g
spicy tomato sauce,g
spinach,g
spirulina powder,g
split peas,g
sprat,g
sprats in oil,g
sprats,g
spread,g
sprout flour,std. l.
sprouted mung beans,g
squash,g
squid fillet,pcs.
squid,g
stale white buns,g
star anise,g
star anise,pinch
star pasta,glass
starch molasses,g
starch,g
steak salmon,pcs.
steak,pcs.
stevia sugar substitute,g
stew,g
stracciatella,g
straw,g
strawberries in syrup,g
strawberries pureed with sugar,g
strawberries,to taste
strawberry compote,glass
strawberry curd,g
strawberry jam,g
strawberry jam,g
strawberry jelly,packaging
strawberry liqueur,g
strawberry puree,g
strawberry syrup,g
strawberry,g
strong alcohol,st. l.
sturgeon,g
sugar bone,g
sugar confectionery,handful
sugar cookies,g
sugar pearls,g
sugar substitute,to taste
sugar syrup,g
sugar,g
suluguni,g
sumac,g
sunfish fillet,pcs.
sunflower halvah,g
sunflower oil,g
sunflower seeds,g
sushi rice,r
sv other fillet,g
sweet apples,g
sweet chili sauce,h. l.
sweet cookies,g
sweet dried pepper,g
sweet green pepper,g
sweet orange pepper,g
sweet paprika,g
sweet pepper,g
sweet red pepper ground,g
sweet red pepper,g
sweet red pickled pepper,pcs.
sweet red wine,g
sweet smoked paprika,g
sweet white wine,g
sweet yellow pepper,g
sweets,g
swordfish,g
syrup,g
tabasco sauce,drop
table vinegar,g
taffy,g
tagliatelle,g
tagliatelle-nests,pcs.
tagliolini,g
tahini paste,g
tail fat,g
taleggio,g
tamarind paste,tsp.
tamarind,pcs.
tangerine juice,g
tangerine puree,g
tangerines in their own juice,g
tangerines,to taste
tapioca ,r
tarragon wine vinegar,std. l.
tarragon,g
tarragon,g
tartar,pinch
tartare,std. l.
tartlets,to taste
tequila,glass
teriyaki sauce,g
thai eggplant,g
thick rye sourdough,g
thick strawberry jam,ml
thin lavash,layer
thyme,g
thyme,handful
tiger shrimp,g
tilapia fillet,g
tilapia,g
tilsiter,g
titanium dioxide,g
tkemali sauce,glass
tkemali,g
tofu,g
tomato concentrate,g
tomato juice,g
tomato ketchup,g
tomato paste,g
tomato powder,g
tomato puree,g
tomato sauce,g
tomatoes cherry yellow,g
tomatoes,g
tonic,bottle
tonka beans,pcs.
tortillas ,g
tortillas,to taste
tortilloni,g
trout fillet,g
trout steaks,pcs.
trout,g
truffle crumb,g
truffle oil,std. l.
truffle,g
tuna,to taste
turkey breast,g
turkey carcass,pcs.
turkey drumstick,g
turkey fillet,g
turkey liver,g
turkey,g
turmeric,g
turnip ,g
ucho-suneli,g
ugurt,g
unfiltered beer,g
unleavened dough,g
unleavened puff pastry,to taste
unrefined vegetable oil,glass
unsalted peeled pistachios,handful
vanilla essence,g
vanilla extract,to taste
vanilla halvah,g
vanilla ice cream,g
vanilla instant pudding,packaging
vanilla pod,g
vanilla powder,g
vanilla powdered sugar,g
vanilla sugar,g
vanilla syrup ,g
vanilla tincture,st. l .
vanillin,g
veal cheek,pcs .
veal chops on the bone,pcs.
veal escalopes,g
veal liver,g
veal schnitzels,pcs.
veal tenderloin,g
veal,to taste
vegemite pasta,g
vegetable fat,g
vegetable milk ,glass
vegetable oil for frying,g
vegetable oil,g
vegetable platter,g
vegetable stock,to taste
vegetables,g
venison,g
vermicelli,g
vermouth,g
viburnum,to taste
vinaigrette,g
vinegar ,g
vinegar 9%,g
vinegar essence,g
violet syrup,g
vitamin C powder,g
vodka,g
wafer cakes,g
wafer crumb,g
wafer rolls,g
wafers,g
walnut oil,h. l.
walnuts,g
wasabi,g
water,G
watercress,g
watermelon pulp,g
watermelons,g
wheat bran,g
wheat flakes,g
wheat flour,g
wheat germ,g
wheat germ,glass
wheat groats,g
wheat,g
wheat-rye whole grain bread,g
whey protein,g
whiskey,g
white asparagus,g
white beans,g
white chocolate drops,g
white chocolate glaze,g
white chocolate,g
white crackers,g
white fish fillet,g
white fish,g
white fish,g
white glaze,g
white grapes,g
white lima beans,g
white nutmeg,ml
white onion ,to taste
white pepper freshly ground,h. l.
white pepper,g
white peppercorns,to taste
white radish,pcs.
white raisins,g
white roll,g
white semi-dry wine,g
white table wine,glass
white turnip,pcs.
white vermouth,g
white wine vinegar,g
white wine,to taste
whole grain bread,g
whole wheat flour,g
whole wheat flour,g
wild and golden rice mix,g
wild berries,g
wild boar meat,g
wild rice,g
wine vinegar,g
wiped viburnum,g
wire cheese,g
wok frozen vegetable mix,g
worcestershire sauce,g
yam,g
yeast dough,to taste
yeast puff pastry,kg
yellow bell pepper,g
yellow food color,g
yellow mustard seeds,g
yellow tomatoes,pcs.
yesterday baguette,g
yogurt fruit,g
yogurt,g
young asparagus,g
young carrot,g
young garlic,g
young goat,kg
young grape leaves,pcs.
young potatoes,g
young spinach,g
young squash,g
yuzu juice,ml
z sirloin fillet,g
zaatar seasoning,tsp.
zaatar,pinch
zander fillet on skin,g
zander fillet,g
zander,r
zira,g
zucchini flowers,pieces
zucchini,g
zucchini,g
